{
  "images" : [
    {
      "filename" : "icon-1024-1024-tint.png",
      "idiom" : "universal",
      "scale" : "1x"
    },
    {
      "appearances" : [
        {
          "appearance" : "luminosity",
          "value" : "dark"
        }
      ],
      "filename" : "app-icon-dylanseegerDarkFull.png",
      "idiom" : "universal",
      "scale" : "1x"
    },
    {
      "filename" : "icon-1024-1024-tint 1.png",
      "idiom" : "universal",
      "scale" : "2x"
    },
    {
      "appearances" : [
        {
          "appearance" : "luminosity",
          "value" : "dark"
        }
      ],
      "filename" : "app-icon-dylanseegerDarkFull 1.png",
      "idiom" : "universal",
      "scale" : "2x"
    },
    {
      "filename" : "icon-1024-1024-tint 2.png",
      "idiom" : "universal",
      "scale" : "3x"
    },
    {
      "appearances" : [
        {
          "appearance" : "luminosity",
          "value" : "dark"
        }
      ],
      "filename" : "app-icon-dylanseegerDarkFull 2.png",
      "idiom" : "universal",
      "scale" : "3x"
    }
  ],
  "info" : {
    "author" : "xcode",
    "version" : 1
  }
}
