{
  "images" : [
    {
      "filename" : "checkbox_empty.png",
      "idiom" : "universal",
      "scale" : "1x"
    },
    {
      "appearances" : [
        {
          "appearance" : "luminosity",
          "value" : "dark"
        }
      ],
      "filename" : "checkbox_empty_white 1.png",
      "idiom" : "universal",
      "scale" : "1x"
    },
    {
      "filename" : "checkbox_empty@2x.png",
      "idiom" : "universal",
      "scale" : "2x"
    },
    {
      "appearances" : [
        {
          "appearance" : "luminosity",
          "value" : "dark"
        }
      ],
      "filename" : "checkbox_empty_white@2x.png",
      "idiom" : "universal",
      "scale" : "2x"
    },
    {
      "filename" : "checkbox_empty@3x.png",
      "idiom" : "universal",
      "scale" : "3x"
    },
    {
      "appearances" : [
        {
          "appearance" : "luminosity",
          "value" : "dark"
        }
      ],
      "filename" : "checkbox_empty_white@3x.png",
      "idiom" : "universal",
      "scale" : "3x"
    }
  ],
  "info" : {
    "author" : "xcode",
    "version" : 1
  }
}
