{
  "images" : [
    {
      "idiom" : "universal",
      "filename" : "copy-2.png",
      "scale" : "1x"
    },
    {
      "idiom" : "universal",
      "filename" : "copy_white-1.png",
      "appearances" : [
        {
          "appearance" : "luminosity",
          "value" : "dark"
        }
      ],
      "scale" : "1x"
    },
    {
      "idiom" : "universal",
      "filename" : "copy-1.png",
      "scale" : "2x"
    },
    {
      "idiom" : "universal",
      "filename" : "copy_white.png",
      "appearances" : [
        {
          "appearance" : "luminosity",
          "value" : "dark"
        }
      ],
      "scale" : "2x"
    },
    {
      "idiom" : "universal",
      "filename" : "copy.png",
      "scale" : "3x"
    },
    {
      "idiom" : "universal",
      "scale" : "3x",
      "appearances" : [
        {
          "appearance" : "luminosity",
          "value" : "dark"
        }
      ]
    }
  ],
  "info" : {
    "version" : 1,
    "author" : "xcode"
  }
}