{
  "images" : [
    {
      "filename" : "folder-76.png",
      "idiom" : "mac",
      "scale" : "1x"
    },
    {
      "appearances" : [
        {
          "appearance" : "luminosity",
          "value" : "dark"
        }
      ],
      "filename" : "folder-77.png",
      "idiom" : "mac",
      "scale" : "1x"
    },
    {
      "filename" : "folder-76@2x.png",
      "idiom" : "mac",
      "scale" : "2x"
    },
    {
      "appearances" : [
        {
          "appearance" : "luminosity",
          "value" : "dark"
        }
      ],
      "filename" : "folder-76@2x-1.png",
      "idiom" : "mac",
      "scale" : "2x"
    }
  ],
  "info" : {
    "author" : "xcode",
    "version" : 1
  }
}
