{
  "images" : [
    {
      "filename" : "1172241_inbox_letter_mail_mailbox_icon-76.png",
      "idiom" : "universal",
      "scale" : "1x"
    },
    {
      "appearances" : [
        {
          "appearance" : "luminosity",
          "value" : "dark"
        }
      ],
      "filename" : "1172241_inbox_letter_mail_mailbox_icon-77.png",
      "idiom" : "universal",
      "scale" : "1x"
    },
    {
      "filename" : "1172241_inbox_letter_mail_mailbox_icon-76@2x.png",
      "idiom" : "universal",
      "scale" : "2x"
    },
    {
      "appearances" : [
        {
          "appearance" : "luminosity",
          "value" : "dark"
        }
      ],
      "filename" : "1172241_inbox_letter_mail_mailbox_icon-76@2x-1.png",
      "idiom" : "universal",
      "scale" : "2x"
    },
    {
      "filename" : "1172241_inbox_letter_mail_mailbox_icon-83.5@2x.png",
      "idiom" : "universal",
      "scale" : "3x"
    },
    {
      "appearances" : [
        {
          "appearance" : "luminosity",
          "value" : "dark"
        }
      ],
      "filename" : "1172241_inbox_letter_mail_mailbox_icon-83.5@2x-1.png",
      "idiom" : "universal",
      "scale" : "3x"
    }
  ],
  "info" : {
    "author" : "xcode",
    "version" : 1
  }
}
