{
  "images" : [
    {
      "filename" : "iconfinder_20-blue_fee-label-price-tag_4488787-20.png",
      "idiom" : "universal",
      "scale" : "1x"
    },
    {
      "filename" : "iconfinder_20-blue_fee-label-price-tag_4488787-20@2x.png",
      "idiom" : "universal",
      "scale" : "2x"
    },
    {
      "filename" : "iconfinder_20-blue_fee-label-price-tag_4488787-20@3x.png",
      "idiom" : "universal",
      "scale" : "3x"
    }
  ],
  "info" : {
    "author" : "xcode",
    "version" : 1
  }
}
